feature,importance
avg_days_between_orders,0.752978961855689
avg_order_value,0.2397218051698148
m_score,0.005485221023327714
recency,0.0005396970521403511
customer_age_days,0.00047096835305663107
category_diversity,0.00026704353918714926
spend_trend,0.00020771903565819605
frequency,0.00020308582332292574
r_score,7.167367939223356e-05
f_score,5.38244684110266e-05
